{
    "root_group": {
        "path": "",
        "id": "d41d8cd98f00b204e9800998ecf8427e",
        "groups": [],
        "checks": [],
        "name": ""
    },
    "options": {
        "summaryTrendStats": [
            "avg",
            "min",
            "med",
            "max",
            "p(90)",
            "p(95)",
            "p(99)",
            "count"
        ],
        "summaryTimeUnit": "",
        "noColor": false
    },
    "state": {
        "isStdOutTTY": true,
        "isStdErrTTY": true,
        "testRunDurationMs": 300159.828751
    },
    "metrics": {
        "http_req_failed{scenario:rps}": {
            "thresholds": {
                "rate<0.01": {
                    "ok": true
                }
            },
            "type": "rate",
            "contains": "default",
            "values": {
                "rate": 7.121227021326379e-05,
                "passes": 21,
                "fails": 294872
            }
        },
        "http_req_duration{expected_response:true}": {
            "type": "trend",
            "contains": "time",
            "values": {
                "max": 9563.333391,
                "p(90)": 1343.8290209000006,
                "p(95)": 2438.3953492000023,
                "p(99)": 5286.796229989995,
                "count": 294872,
                "avg": 491.6150427083004,
                "min": 133.615571,
                "med": 149.844881
            }
        },
        "http_req_duration": {
            "type": "trend",
            "contains": "time",
            "values": {
                "min": 0,
                "med": 149.842488,
                "max": 9563.333391,
                "p(90)": 1343.7628856,
                "p(95)": 2438.2907823999994,
                "p(99)": 5286.735848480005,
                "count": 294893,
                "avg": 491.5800336850382
            }
        },
        "http_req_connecting": {
            "type": "trend",
            "contains": "time",
            "values": {
                "med": 0,
                "max": 16615.37792,
                "p(90)": 0,
                "p(95)": 0,
                "p(99)": 2187.4528256000017,
                "count": 294893,
                "avg": 47.08865054633379,
                "min": 0
            }
        },
        "dropped_iterations": {
            "type": "counter",
            "contains": "default",
            "values": {
                "count": 5108,
                "rate": 17.01760032731556
            }
        },
        "http_req_failed": {
            "type": "rate",
            "contains": "default",
            "values": {
                "fails": 294872,
                "rate": 7.121227021326379e-05,
                "passes": 21
            }
        },
        "http_req_duration{scenario:rps}": {
            "contains": "time",
            "values": {
                "min": 0,
                "med": 149.842488,
                "max": 9563.333391,
                "p(90)": 1343.7628856,
                "p(95)": 2438.2907823999994,
                "p(99)": 5286.735848480005,
                "count": 294893,
                "avg": 491.5800336850382
            },
            "thresholds": {
                "p(95) < 800": {
                    "ok": false
                }
            },
            "type": "trend"
        },
        "http_req_waiting": {
            "type": "trend",
            "contains": "time",
            "values": {
                "min": 0,
                "med": 149.693046,
                "max": 9563.251843,
                "p(90)": 1336.9741907999999,
                "p(95)": 2433.3449343999964,
                "p(99)": 5286.32745028,
                "count": 294893,
                "avg": 489.46367489575806
            }
        },
        "iterations": {
            "type": "counter",
            "contains": "default",
            "values": {
                "count": 294893,
                "rate": 982.4532524125034
            }
        },
        "http_req_blocked": {
            "type": "trend",
            "contains": "time",
            "values": {
                "min": 0,
                "med": 0.000273,
                "max": 25013.686052,
                "p(90)": 0.000395,
                "p(95)": 0.000505,
                "p(99)": 11240.153132800062,
                "count": 294893,
                "avg": 229.59738446737106
            }
        },
        "http_req_sending": {
            "values": {
                "avg": 0.0524339404326311,
                "min": 0,
                "med": 0.046934,
                "max": 15.077716,
                "p(90)": 0.0669008,
                "p(95)": 0.08032279999999993,
                "p(99)": 0.14036440000000047,
                "count": 294893
            },
            "type": "trend",
            "contains": "time"
        },
        "vus": {
            "contains": "default",
            "values": {
                "value": 6041,
                "min": 2500,
                "max": 6041
            },
            "type": "gauge"
        },
        "data_received": {
            "values": {
                "count": 154413418,
                "rate": 514437.32041869895
            },
            "type": "counter",
            "contains": "data"
        },
        "data_sent": {
            "contains": "data",
            "values": {
                "count": 27703809,
                "rate": 92296.85769504459
            },
            "type": "counter"
        },
        "http_req_duration{status:200}": {
            "type": "trend",
            "contains": "time",
            "values": {
                "min": 133.615571,
                "med": 149.844881,
                "max": 9563.333391,
                "p(90)": 1343.8290209000006,
                "p(95)": 2438.3953492000023,
                "p(99)": 5286.796229989995,
                "count": 294872,
                "avg": 491.6150427083004
            },
            "thresholds": {
                "max>=0": {
                    "ok": true
                }
            }
        },
        "iteration_duration": {
            "type": "trend",
            "contains": "time",
            "values": {
                "p(90)": 1672.307007399998,
                "p(95)": 3181.3474445999973,
                "p(99)": 12006.21665252005,
                "count": 294893,
                "avg": 724.164115137552,
                "min": 133.718344,
                "med": 150.339373,
                "max": 58774.78905
            }
        },
        "vus_max": {
            "type": "gauge",
            "contains": "default",
            "values": {
                "value": 6041,
                "min": 2500,
                "max": 6041
            }
        },
        "http_req_receiving": {
            "type": "trend",
            "contains": "time",
            "values": {
                "count": 294893,
                "avg": 2.063924848857061,
                "min": 0,
                "med": 0.042054,
                "max": 2889.049261,
                "p(90)": 0.15593239999999997,
                "p(95)": 0.2822103999999986,
                "p(99)": 1.4178355200000066
            }
        },
        "http_reqs": {
            "type": "counter",
            "contains": "default",
            "values": {
                "count": 294893,
                "rate": 982.4532524125034
            }
        },
        "http_req_tls_handshaking": {
            "type": "trend",
            "contains": "time",
            "values": {
                "p(95)": 0,
                "p(99)": 1648.3077974400096,
                "count": 294893,
                "avg": 62.11619759593806,
                "min": 0,
                "med": 0,
                "max": 14477.23908,
                "p(90)": 0
            }
        }
    }
}