{
    "root_group": {
        "name": "",
        "path": "",
        "id": "d41d8cd98f00b204e9800998ecf8427e",
        "groups": [],
        "checks": []
    },
    "options": {
        "summaryTimeUnit": "",
        "noColor": false,
        "summaryTrendStats": [
            "avg",
            "min",
            "med",
            "max",
            "p(90)",
            "p(95)",
            "p(99)",
            "count"
        ]
    },
    "state": {
        "isStdErrTTY": true,
        "testRunDurationMs": 120164.575414,
        "isStdOutTTY": true
    },
    "metrics": {
        "http_req_tls_handshaking": {
            "values": {
                "p(95)": 0,
                "p(99)": 1368.5342985000345,
                "count": 111491,
                "avg": 45.32435993618321,
                "min": 0,
                "med": 0,
                "max": 12003.369849,
                "p(90)": 0
            },
            "type": "trend",
            "contains": "time"
        },
        "iterations": {
            "type": "counter",
            "contains": "default",
            "values": {
                "count": 111491,
                "rate": 927.8191980946369
            }
        },
        "iteration_duration": {
            "type": "trend",
            "contains": "time",
            "values": {
                "count": 111491,
                "avg": 411.8947023547211,
                "min": 133.382564,
                "med": 144.213508,
                "max": 24386.408608,
                "p(90)": 159.904552,
                "p(95)": 195.888078,
                "p(99)": 11433.387167800007
            }
        },
        "dropped_iterations": {
            "type": "counter",
            "contains": "default",
            "values": {
                "count": 8511,
                "rate": 70.82786229366904
            }
        },
        "http_req_duration{scenario:account}": {
            "type": "trend",
            "contains": "time",
            "values": {
                "p(90)": 168.53033229999997,
                "p(95)": 242.07373274999992,
                "p(99)": 793.7708369000001,
                "count": 51490,
                "avg": 165.79100051885663,
                "min": 134.766152,
                "med": 145.327797,
                "max": 3513.365934
            },
            "thresholds": {
                "p(95) < 800": {
                    "ok": true
                }
            }
        },
        "vus": {
            "values": {
                "value": 1000,
                "min": 1000,
                "max": 2500
            },
            "type": "gauge",
            "contains": "default"
        },
        "data_received": {
            "type": "counter",
            "contains": "data",
            "values": {
                "count": 185940613,
                "rate": 1547382.9317782172
            }
        },
        "http_req_connecting": {
            "type": "trend",
            "contains": "time",
            "values": {
                "med": 0,
                "max": 3536.43129,
                "p(90)": 0,
                "p(95)": 0,
                "p(99)": 236.6603140000002,
                "count": 111491,
                "avg": 23.449259068113122,
                "min": 0
            }
        },
        "http_req_blocked": {
            "type": "trend",
            "contains": "time",
            "values": {
                "med": 0.00029,
                "max": 24245.468744,
                "p(90)": 0.000415,
                "p(95)": 0.000802,
                "p(99)": 11054.487177000008,
                "count": 111491,
                "avg": 257.0277101640338,
                "min": 0.000118
            }
        },
        "http_reqs": {
            "type": "counter",
            "contains": "default",
            "values": {
                "count": 111491,
                "rate": 927.8191980946369
            }
        },
        "vus_max": {
            "type": "gauge",
            "contains": "default",
            "values": {
                "value": 3500,
                "min": 2000,
                "max": 3500
            }
        },
        "http_req_duration": {
            "values": {
                "count": 111491,
                "avg": 154.76429198022333,
                "min": 133.254578,
                "med": 144.039849,
                "max": 3513.365934,
                "p(90)": 158.297977,
                "p(95)": 172.3825605,
                "p(99)": 370.07145540000147
            },
            "type": "trend",
            "contains": "time"
        },
        "http_req_waiting": {
            "type": "trend",
            "contains": "time",
            "values": {
                "med": 143.839295,
                "max": 3513.231098,
                "p(90)": 157.792335,
                "p(95)": 171.760855,
                "p(99)": 348.05313190000066,
                "count": 111491,
                "avg": 153.2467974950628,
                "min": 131.290705
            }
        },
        "data_sent": {
            "type": "counter",
            "contains": "data",
            "values": {
                "count": 16179691,
                "rate": 134646.09635790344
            }
        },
        "http_req_duration{scenario:utxos}": {
            "type": "trend",
            "contains": "time",
            "values": {
                "p(99)": 178.656183,
                "count": 60001,
                "avg": 145.3016959792504,
                "min": 133.254578,
                "med": 143.027892,
                "max": 1252.487048,
                "p(90)": 153.064227,
                "p(95)": 159.107371
            },
            "thresholds": {
                "p(95) < 800": {
                    "ok": true
                }
            }
        },
        "http_req_sending": {
            "type": "trend",
            "contains": "time",
            "values": {
                "max": 1115.161139,
                "p(90)": 0.068095,
                "p(95)": 0.08702,
                "p(99)": 0.14856580000000028,
                "count": 111491,
                "avg": 0.11574085315406758,
                "min": 0.026826,
                "med": 0.048202
            }
        },
        "http_req_receiving": {
            "type": "trend",
            "contains": "time",
            "values": {
                "min": 0.013597,
                "med": 0.05764,
                "max": 3118.648268,
                "p(90)": 0.344517,
                "p(95)": 0.5606880000000001,
                "p(99)": 2.0630087000000015,
                "count": 111491,
                "avg": 1.4017536320061508
            }
        },
        "http_req_failed": {
            "contains": "default",
            "values": {
                "rate": 0,
                "passes": 0,
                "fails": 111491
            },
            "type": "rate"
        },
        "http_req_duration{status:200}": {
            "type": "trend",
            "contains": "time",
            "values": {
                "max": 3513.365934,
                "p(90)": 158.297977,
                "p(95)": 172.3825605,
                "p(99)": 370.07145540000147,
                "count": 111491,
                "avg": 154.76429198022333,
                "min": 133.254578,
                "med": 144.039849
            },
            "thresholds": {
                "max>=0": {
                    "ok": true
                }
            }
        },
        "http_req_failed{scenario:utxos}": {
            "type": "rate",
            "contains": "default",
            "values": {
                "fails": 60001,
                "rate": 0,
                "passes": 0
            },
            "thresholds": {
                "rate<0.01": {
                    "ok": true
                }
            }
        },
        "http_req_failed{scenario:account}": {
            "contains": "default",