{
    "state": {
        "testRunDurationMs": 600150.765915,
        "isStdOutTTY": true,
        "isStdErrTTY": true
    },
    "metrics": {
        "http_req_sending": {
            "type": "trend",
            "contains": "time",
            "values": {
                "avg": 0.053004731656980025,
                "min": 0.026652,
                "med": 0.047118,
                "max": 20.098591,
                "p(90)": 0.064901,
                "p(95)": 0.08928794999999996,
                "p(99)": 0.15991012999999976,
                "count": 591642
            }
        },
        "http_req_duration": {
            "contains": "time",
            "values": {
                "count": 591642,
                "avg": 146.43815821380343,
                "min": 132.145981,
                "med": 143.227349,
                "max": 4043.266999,
                "p(90)": 153.7611201,
                "p(95)": 159.74708569999999,
                "p(99)": 182.44546220999985
            },
            "type": "trend"
        },
        "http_req_connecting": {
            "type": "trend",
            "contains": "time",
            "values": {
                "max": 3520.186511,
                "p(90)": 0,
                "p(95)": 0,
                "p(99)": 0,
                "count": 591642,
                "avg": 5.484188699559878,
                "min": 0,
                "med": 0
            }
        },
        "iteration_duration": {
            "contains": "time",
            "values": {
                "p(90)": 154.0015196,
                "p(95)": 160.1613359,
                "p(99)": 198.64428081999964,
                "count": 591642,
                "avg": 195.15824319604445,
                "min": 132.268583,
                "med": 143.3608055,
                "max": 17785.588226
            },
            "type": "trend"
        },
        "http_reqs": {
            "type": "counter",
            "contains": "default",
            "values": {
                "count": 591642,
                "rate": 985.822286001706
            }
        },
        "http_req_duration{scenario:utxos}": {
            "contains": "time",
            "values": {
                "avg": 144.1433122285073,
                "min": 132.145981,
                "med": 142.132977,
                "max": 1191.917295,
                "p(90)": 151.707378,
                "p(95)": 157.618036,
                "p(99)": 171.136987,
                "count": 300001
            },
            "thresholds": {
                "p(95) < 800": {
                    "ok": true
                }
            },
            "type": "trend"
        },
        "dropped_iterations": {
            "type": "counter",
            "contains": "default",
            "values": {
                "count": 8360,
                "rate": 13.929833093279825
            }
        },
        "http_req_waiting": {
            "values": {
                "med": 143.0585355,
                "max": 3263.637627,
                "p(90)": 153.4366828,
                "p(95)": 159.35297745,
                "p(99)": 181.91469764999925,
                "count": 591642,
                "avg": 146.13973933659724,
                "min": 126.652102
            },
            "type": "trend",
            "contains": "time"
        },
        "http_req_failed{scenario:account}": {
            "values": {
                "rate": 0,
                "passes": 0,
                "fails": 291641
            },
            "thresholds": {
                "rate<0.01": {
                    "ok": true
                }
            },
            "type": "rate",
            "contains": "default"
        },
        "http_req_duration{status:200}": {
            "values": {
                "p(99)": 182.44546220999985,
                "count": 591642,
                "avg": 146.43815821380343,
                "min": 132.145981,
                "med": 143.227349,
                "max": 4043.266999,
                "p(90)": 153.7611201,
                "p(95)": 159.74708569999999
            },
            "thresholds": {
                "max>=0": {
                    "ok": true
                }
            },
            "type": "trend",
            "contains": "time"
        },
        "http_req_tls_handshaking": {
            "type": "trend",
            "contains": "time",
            "values": {
                "p(95)": 0,
                "p(99)": 0,
                "count": 591642,
                "avg": 7.624063594803944,
                "min": 0,
                "med": 0,
                "max": 5562.167084,
                "p(90)": 0
            }
        },
        "http_req_failed{scenario:utxos}": {
            "type": "rate",
            "contains": "default",
            "values": {
                "rate": 0,
                "passes": 0,
                "fails": 300001
            },
            "thresholds": {
                "rate<0.01": {
                    "ok": true
                }
            }
        },
        "data_received": {
            "type": "counter",
            "contains": "data",
            "values": {
                "count": 993438448,
                "rate": 1655314.8049147069
            }
        },
        "http_req_duration{expected_response:true}": {
            "contains": "time",
            "values": {
                "p(90)": 153.7611201,
                "p(95)": 159.74708569999999,
                "p(99)": 182.44546220999985,
                "count": 591642,
                "avg": 146.43815821380343,
                "min": 132.145981,
                "med": 143.227349,
                "max": 4043.266999
            },
            "type": "trend"
        },
        "vus_max": {
            "type": "gauge",
            "contains": "default",
            "values": {
                "max": 3500,
                "value": 3500,
                "min": 2000
            }
        },
        "http_req_blocked": {
            "values": {
                "p(90)": 0.000381,
                "p(95)": 0.000535,
                "p(99)": 0.001148,
                "count": 591642,
                "avg": 48.58909389120401,
                "min": 0.000112,
                "med": 0.000278,
                "max": 17575.714404
            },
            "type": "trend",
            "contains": "time"
        },
        "data_sent": {
            "type": "counter",
            "contains": "data",
            "values": {
                "count": 72526305,
                "rate": 120846.80903376866
            }
        },
        "http_req_receiving": {
            "contains": "time",
            "values": {
                "p(95)": 0.34931694999999996,
                "p(99)": 1.0801881799999966,
                "count": 591642,
                "avg": 0.24541414555253308,
                "min": 0.012548,
                "med": 0.052843,
                "max": 2840.913677,
                "p(90)": 0.233581
            },
            "type": "trend"
        },
        "vus": {
            "type": "gauge",
            "contains": "default",
            "values": {
                "value": 1000,
                "min": 1000,
                "max": 2500
            }
        },
        "http_req_duration{scenario:account}": {
            "type": "trend",
            "contains": "time",
            "values": {
                "avg": 148.79878683062415,
                "min": 134.230672,
                "med": 144.379067,
                "max": 4043.266999,
                "p(90)": 155.493413,
                "p(95)": 161.76482,
                "p(99)": 212.0592021999999,
                "count": 291641
            },
            "thresholds": {
                "p(95) < 800": {
                    "ok": true
                }
            }
        },
        "http_req_failed": {
            "type": "rate",
            "contains": "default",
            "values": {
                "rate": 0,