{
    "root_group": {
        "groups": [],
        "checks": [],
        "name": "",
        "path": "",
        "id": "d41d8cd98f00b204e9800998ecf8427e"
    },
    "options": {
        "summaryTrendStats": [
            "avg",
            "min",
            "med",
            "max",
            "p(90)",
            "p(95)",
            "p(99)",
            "count"
        ],
        "summaryTimeUnit": "",
        "noColor": false
    },
    "state": {
        "isStdOutTTY": true,
        "isStdErrTTY": true,
        "testRunDurationMs": 314823.452266
    },
    "metrics": {
        "data_sent": {
            "type": "counter",
            "contains": "data",
            "values": {
                "rate": 268370.83893169864,
                "count": 84489434
            }
        },
        "http_req_failed": {
            "type": "rate",
            "contains": "default",
            "values": {
                "rate": 0.0002405341232015779,
                "passes": 140,
                "fails": 581898
            }
        },
        "http_req_duration{status:200}": {
            "contains": "time",
            "values": {
                "med": 142.565183,
                "max": 11028.95893,
                "p(90)": 154.9876859,
                "p(95)": 164.58481205000004,
                "p(99)": 339.272526320002,
                "count": 581898,
                "avg": 153.49071199455213,
                "min": 133.162717
            },
            "thresholds": {
                "max>=0": {
                    "ok": true
                }
            },
            "type": "trend"
        },
        "iterations": {
            "type": "counter",
            "contains": "default",
            "values": {
                "count": 582038,
                "rate": 1848.775864093586
            }
        },
        "http_req_tls_handshaking": {
            "type": "trend",
            "contains": "time",
            "values": {
                "p(95)": 0,
                "p(99)": 265.72486447,
                "count": 582038,
                "avg": 29.03060506039648,
                "min": 0,
                "med": 0,
                "max": 12874.213056,
                "p(90)": 0
            }
        },
        "http_req_blocked": {
            "values": {
                "min": 0.000115,
                "med": 0.000274,
                "max": 30616.615033,
                "p(90)": 0.000375,
                "p(95)": 0.000434,
                "p(99)": 472.21670645000006,
                "count": 582038,
                "avg": 127.14430165936446
            },
            "type": "trend",
            "contains": "time"
        },
        "http_req_sending": {
            "type": "trend",
            "contains": "time",
            "values": {
                "p(99)": 0.14187830000000004,
                "count": 582038,
                "avg": 0.6632064704744131,
                "min": 0.021818,
                "med": 0.045986,
                "max": 6051.719,
                "p(90)": 0.060458,
                "p(95)": 0.07239715000000002
            }
        },
        "http_req_failed{scenario:account}": {
            "type": "rate",
            "contains": "default",
            "values": {
                "rate": 0.000271544849584777,
                "passes": 79,
                "fails": 290849
            },
            "thresholds": {
                "rate<0.01": {
                    "ok": true
                }
            }
        },
        "iteration_duration": {
            "type": "trend",
            "contains": "time",
            "values": {
                "min": 133.251446,
                "med": 142.70063249999998,
                "max": 60001.225755,
                "p(90)": 155.4062361,
                "p(95)": 166.23126885000002,
                "p(99)": 1339.3688935000005,
                "count": 582038,
                "avg": 289.7746172310883
            }
        },
        "http_req_failed{scenario:utxos}": {
            "type": "rate",
            "contains": "default",
            "values": {
                "rate": 0.0002095427845144447,
                "passes": 61,
                "fails": 291049
            },
            "thresholds": {
                "rate<0.01": {
                    "ok": true
                }
            }
        },
        "http_req_connecting": {
            "type": "trend",
            "contains": "time",
            "values": {
                "p(95)": 0,
                "p(99)": 141.97138928,
                "count": 582038,
                "avg": 25.078100376642105,
                "min": 0,
                "med": 0,
                "max": 15326.764558,
                "p(90)": 0
            }
        },
        "http_req_receiving": {
            "contains": "time",
            "values": {
                "count": 582038,
                "avg": 1.0956051993374982,
                "min": 0,
                "med": 0.060232,
                "max": 7208.633468,
                "p(90)": 0.2965153,
                "p(95)": 0.5061537500000001,
                "p(99)": 2.255546060000002
            },
            "type": "trend"
        },
        "data_received": {
            "type": "counter",
            "contains": "data",
            "values": {
                "count": 1002207170,
                "rate": 3183394.25727794
            }
        },
        "http_req_duration{expected_response:true}": {
            "values": {
                "p(99)": 339.272526320002,
                "count": 581898,
                "avg": 153.49071199455213,
                "min": 133.162717,
                "med": 142.565183,
                "max": 11028.95893,
                "p(90)": 154.9876859,
                "p(95)": 164.58481205000004
            },
            "type": "trend",
            "contains": "time"
        },
        "http_req_waiting": {
            "contains": "time",
            "values": {
                "p(99)": 315.6824791000004,
                "count": 582038,
                "avg": 161.20270267856253,
                "min": 122.458056,
                "med": 142.3704165,
                "max": 60001.036783,
                "p(90)": 154.5225293,
                "p(95)": 163.9918486
            },
            "type": "trend"
        },
        "http_req_duration{scenario:account}": {
            "type": "trend",
            "contains": "time",
            "values": {
                "max": 60001.030548,
                "p(90)": 155.9592838,
                "p(95)": 166.36419009999995,
                "p(99)": 359.84844939999977,
                "count": 290928,
                "avg": 166.8736416583052,
                "min": 133.859575,
                "med": 143.00225849999998
            },
            "thresholds": {
                "p(95) < 800": {
                    "ok": true
                }
            }
        },
        "http_reqs": {
            "type": "counter",
            "contains": "default",
            "values": {
                "rate": 1848.775864093586,
                "count": 582038
            }
        },
        "http_req_duration": {
            "type": "trend",
            "contains": "time",
            "values": {
                "count": 582038,
                "avg": 162.96151434837282,
                "min": 133.162717,
                "med": 142.5663515,
                "max": 60001.085431,
                "p(90)": 155.0104201,
                "p(95)": 164.65936775000003,
                "p(99)": 343.76376566000005
            }
        },
        "vus": {
            "type": "gauge",
            "contains": "default",
            "values": {
                "value": 5000,
                "min": 2000,
                "max": 5000
            }
        },
        "vus_max": {
            "type": "gauge",
            "contains": "default",
            "values": {
                "value": 5000,
                "min": 2000,