{
    "root_group": {
        "name": "",
        "path": "",
        "id": "d41d8cd98f00b204e9800998ecf8427e",
        "groups": [],
        "checks": []
    },
    "options": {
        "summaryTrendStats": [
            "avg",
            "min",
            "med",
            "max",
            "p(90)",
            "p(95)",
            "p(99)",
            "count"
        ],
        "summaryTimeUnit": "",
        "noColor": false
    },
    "state": {
        "testRunDurationMs": 302432.799828,
        "isStdOutTTY": true,
        "isStdErrTTY": true
    },
    "metrics": {
        "http_req_tls_handshaking": {
            "type": "trend",
            "contains": "time",
            "values": {
                "p(99)": 29.37924316,
                "count": 475483,
                "avg": 1.0955137091967557,
                "min": 0,
                "med": 0,
                "max": 1688.627819,
                "p(90)": 0,
                "p(95)": 0
            }
        },
        "http_req_blocked": {
            "contains": "time",
            "values": {
                "p(99)": 46.509393779999826,
                "count": 475483,
                "avg": 2.8592373487030414,
                "min": 0,
                "med": 0.000271,
                "max": 3187.533819,
                "p(90)": 0.000351,
                "p(95)": 0.000387
            },
            "type": "trend"
        },
        "http_req_connecting": {
            "type": "trend",
            "contains": "time",
            "values": {
                "p(99)": 14.303055059999943,
                "count": 475483,
                "avg": 1.75058277402557,
                "min": 0,
                "med": 0,
                "max": 3119.714768,
                "p(90)": 0,
                "p(95)": 0
            }
        },
        "vus_max": {
            "type": "gauge",
            "contains": "default",
            "values": {
                "min": 2000,
                "max": 5000,
                "value": 5000
            }
        },
        "http_req_duration{scenario:account}": {
            "values": {
                "avg": 1603.587707157685,
                "min": 0,
                "med": 186.4696065,
                "max": 30306.706579,
                "p(90)": 5732.960901500001,
                "p(95)": 7573.43813075,
                "p(99)": 10154.21053625,
                "count": 237756
            },
            "thresholds": {
                "p(95) < 800": {
                    "ok": false
                }
            },
            "type": "trend",
            "contains": "time"
        },
        "http_req_failed{scenario:account}": {
            "type": "rate",
            "contains": "default",
            "values": {
                "rate": 0.01403119164185131,
                "passes": 3336,
                "fails": 234420
            },
            "thresholds": {
                "rate<0.01": {
                    "ok": false
                }
            }
        },
        "iterations": {
            "type": "counter",
            "contains": "default",
            "values": {
                "count": 475483,
                "rate": 1572.1938899167596
            }
        },
        "http_req_failed{scenario:utxos}": {
            "thresholds": {
                "rate<0.01": {
                    "ok": false
                }
            },
            "type": "rate",
            "contains": "default",
            "values": {
                "fails": 234464,
                "rate": 0.01372582836615109,
                "passes": 3263
            }
        },
        "http_req_duration": {
            "type": "trend",
            "contains": "time",
            "values": {
                "p(95)": 7588.704575499998,
                "p(99)": 10154.096735739999,
                "count": 475483,
                "avg": 1603.712385292551,
                "min": 0,
                "med": 186.179978,
                "max": 31090.532421,
                "p(90)": 5739.8665922
            }
        },
        "http_req_duration{expected_response:true}": {
            "contains": "time",
            "values": {
                "p(95)": 7101.7594163999975,
                "p(99)": 9522.465839089999,
                "count": 468884,
                "avg": 1482.970828622887,
                "min": 123.739242,
                "med": 185.5311055,
                "max": 15434.149732,
                "p(90)": 5396.0479363
            },
            "type": "trend"
        },
        "http_req_failed": {
            "type": "rate",
            "contains": "default",
            "values": {
                "rate": 0.013878519316148,
                "passes": 6599,
                "fails": 468884
            }
        },
        "http_req_sending": {
            "values": {
                "med": 0.04304,
                "max": 14.210389,
                "p(90)": 0.053857,
                "p(95)": 0.06075179999999993,
                "p(99)": 0.092122,
                "count": 475483,
                "avg": 0.0454843678995871,
                "min": 0
            },
            "type": "trend",
            "contains": "time"
        },
        "data_sent": {
            "type": "counter",
            "contains": "data",
            "values": {
                "count": 68543106,
                "rate": 226639.12789545953
            }
        },
        "vus": {
            "type": "gauge",
            "contains": "default",
            "values": {
                "max": 5000,
                "value": 5000,
                "min": 2000
            }
        },
        "http_req_duration{scenario:utxos}": {
            "type": "trend",
            "contains": "time",
            "values": {
                "p(90)": 5747.2103867999995,
                "p(95)": 7605.4992704,
                "p(99)": 10154.008703540001,
                "count": 237727,
                "avg": 1603.8370786368114,
                "min": 0,
                "med": 185.905483,
                "max": 31090.532421
            },
            "thresholds": {
                "p(95) < 800": {
                    "ok": false
                }
            }
        },
        "http_reqs": {
            "type": "counter",
            "contains": "default",
            "values": {
                "count": 475483,
                "rate": 1572.1938899167596
            }
        },
        "http_req_duration{status:200}": {
            "contains": "time",
            "values": {
                "max": 15434.149732,
                "p(90)": 5396.0479363,
                "p(95)": 7101.7594163999975,
                "p(99)": 9522.465839089999,
                "count": 468884,
                "avg": 1482.970828622887,
                "min": 123.739242,
                "med": 185.5311055
            },
            "thresholds": {
                "max>=0": {
                    "ok": true
                }
            },
            "type": "trend"
        },
        "data_received": {
            "type": "counter",
            "contains": "data",
            "values": {
                "rate": 2665017.3475178056,
                "count": 805988658
            }
        },
        "dropped_iterations": {
            "type": "counter",
            "contains": "default",
            "values": {
                "count": 124518,
                "rate": 411.7212156578786
            }
        },
        "http_req_waiting": {
            "type": "trend",
            "contains": "time",
            "values": {
                "med": 185.999025,
                "max": 31090.478268,
                "p(90)": 5739.7296866,
                "p(95)": 7588.596523799997,
                "p(99)": 10153.96085796,
                "count": 475483,
                "avg": 1603.497009083238,
                "min": 0
            }
        },
        "http_req_receiving": {
            "type": "trend",
            "contains": "time",